match_group,mean_accuracy,count
1,,0
0,57.285686799251366,177
all,57.285686799251366,177
