match_group,mean_accuracy,count
1,65.7830237358101,68
0,56.5016880436385,100
all,60.25841915713653,168
